year,month,cdd,hdd,tavg,sales,customers,price,season,days,spc,t,t_c
1990,1,10.0,581.0,46.5,3963429,,7.32,Winter,31,,1990.0,-18.125
1990,2,4.0,440.0,49.4,2656363,,7.67,Winter,28,,1990.0833333333333,-18.041666666666742
1990,3,16.0,373.0,53.3,2591238,,7.67,Spring,31,,1990.1666666666667,-17.958333333333258
1990,4,9.0,216.0,57.8,2376422,,7.76,Spring,30,,1990.25,-17.875
1990,5,105.0,60.0,66.1,2119750,,7.94,Spring,31,,1990.3333333333333,-17.791666666666742
1990,6,276.0,2.0,73.7,2348664,,7.84,Summer,30,,1990.4166666666667,-17.708333333333258
1990,7,418.0,0.0,78.0,3292853,,7.98,Summer,31,,1990.5,-17.625
1990,8,370.0,0.0,76.5,3364041,,8.04,Summer,31,,1990.5833333333333,-17.541666666666742
1990,9,179.0,14.0,70.0,3237716,,8.06,Fall,30,,1990.6666666666667,-17.458333333333258
1990,10,54.0,147.0,62.0,2273404,,8.45,Fall,31,,1990.75,-17.375
1990,11,2.0,374.0,52.4,2249214,,7.89,Fall,30,,1990.8333333333333,-17.291666666666742
1990,12,4.0,556.0,47.3,2670947,,7.7,Winter,31,,1990.9166666666667,-17.208333333333258
1991,1,2.0,731.0,41.6,3308006,,7.54,Winter,31,,1991.0,-17.125
1991,2,0.0,542.0,45.4,3059684,,7.57,Winter,28,,1991.0833333333333,-17.041666666666742
1991,3,12.0,401.0,52.2,2882944,,7.65,Spring,31,,1991.1666666666667,-16.958333333333258
1991,4,23.0,150.0,60.6,2313868,,7.9,Spring,30,,1991.25,-16.875
1991,5,200.0,19.0,70.5,2247972,,8.04,Spring,31,,1991.3333333333333,-16.791666666666742
1991,6,284.0,3.0,74.0,2926932,,7.83,Summer,30,,1991.4166666666667,-16.708333333333258
1991,7,444.0,0.0,79.0,3506723,,8.3,Summer,31,,1991.5,-16.625
1991,8,338.0,0.0,75.6,3467292,,8.19,Summer,31,,1991.5833333333333,-16.541666666666742
1991,9,172.0,16.0,69.9,2838333,,8.29,Fall,30,,1991.6666666666667,-16.458333333333258
1991,10,31.0,188.0,59.8,2305219,,8.41,Fall,31,,1991.75,-16.375
1991,11,0.0,499.0,48.4,2495040,,7.84,Fall,30,,1991.8333333333333,-16.291666666666742
1991,12,2.0,600.0,45.6,3038820,,7.85,Winter,31,,1991.9166666666667,-16.208333333333258
1992,1,2.0,712.0,41.9,3667964,,7.73,Winter,31,,1992.0,-16.125
1992,2,1.0,535.0,45.8,3206994,,7.8,Winter,29,,1992.0833333333333,-16.041666666666742
1992,3,5.0,498.0,48.8,2719338,,7.98,Spring,31,,1992.1666666666667,-15.958333333333258
1992,4,7.0,226.0,57.3,2652906,,7.97,Spring,30,,1992.25,-15.875
1992,5,45.0,126.0,62.1,2255315,,8.25,Spring,31,,1992.3333333333333,-15.791666666666742
1992,6,189.0,13.0,70.5,2379520,,8.23,Summer,30,,1992.4166666666667,-15.708333333333258
1992,7,439.0,0.0,78.7,3412769,,8.47,Summer,31,,1992.5,-15.625
1992,8,269.0,2.0,73.4,3437703,,8.31,Summer,31,,1992.5833333333333,-15.541666666666742
1992,9,176.0,16.0,70.3,2770822,,8.46,Fall,30,,1992.6666666666667,-15.458333333333258
1992,10,13.0,264.0,56.8,2343052,,8.53,Fall,31,,1992.75,-15.375
1992,11,2.0,428.0,51.0,2455520,,8.02,Fall,30,,1992.8333333333333,-15.291666666666742
1992,12,0.0,726.0,41.9,3459163,,7.81,Winter,31,,1992.9166666666667,-15.208333333333258
1993,1,3.0,676.0,43.6,3675980,,7.84,Winter,31,,1993.0,-15.125
1993,2,0.0,696.0,40.0,3232637,,7.93,Winter,28,,1993.0833333333333,-15.041666666666742
1993,3,1.0,570.0,46.5,3599383,,7.88,Spring,31,,1993.1666666666667,-14.958333333333258
1993,4,1.0,279.0,55.4,2564445,,8.13,Spring,30,,1993.25,-14.875
1993,5,127.0,46.0,67.1,2258462,,8.31,Spring,31,,1993.3333333333333,-14.791666666666742
1993,6,299.0,2.0,74.4,2870899,,8.23,Summer,30,,1993.4166666666667,-14.708333333333258
1993,7,505.0,0.0,80.7,3935983,,8.54,Summer,31,,1993.5,-14.625
1993,8,365.0,0.0,76.3,3815819,,8.43,Summer,31,,1993.5833333333333,-14.541666666666742
1993,9,223.0,9.0,71.7,3347976,,8.37,Fall,30,,1993.6666666666667,-14.458333333333258
1993,10,24.0,216.0,58.9,2345117,,8.61,Fall,31,,1993.75,-14.375
1993,11,1.0,448.0,50.2,2604487,,8.04,Fall,30,,1993.8333333333333,-14.291666666666742
1993,12,0.0,776.0,39.8,3491210,,7.91,Winter,31,,1993.9166666666667,-14.208333333333258
1994,1,0.0,892.0,36.3,4561646,,7.73,Winter,31,,1994.0,-14.125
1994,2,0.0,612.0,43.2,3665767,,7.9,Winter,28,,1994.0833333333333,-14.041666666666742
1994,3,10.0,428.0,51.2,3128188,,7.99,Spring,31,,1994.1666666666667,-13.958333333333258
1994,4,29.0,134.0,61.3,2380961,,8.26,Spring,30,,1994.25,-13.875
1994,5,57.0,110.0,62.9,2248727,,8.44,Spring,31,,1994.3333333333333,-13.791666666666742
1994,6,326.0,1.0,75.5,2930089,,8.23,Summer,30,,1994.4166666666667,-13.708333333333258
1994,7,400.0,0.0,77.6,3898492,,8.42,Summer,31,,1994.5,-13.625
1994,8,291.0,1.0,74.0,3520711,,8.42,Summer,31,,1994.5833333333333,-13.541666666666742
1994,9,118.0,34.0,67.6,2940011,,8.41,Fall,30,,1994.6666666666667,-13.458333333333258
1994,10,18.0,233.0,58.1,2275643,,8.6,Fall,31,,1994.75,-13.375
1994,11,5.0,347.0,53.8,2416321,,8.09,Fall,30,,1994.8333333333333,-13.291666666666742
1994,12,2.0,578.0,46.6,3240225,,7.96,Winter,31,,1994.9166666666667,-13.208333333333258
1995,1,2.0,744.0,41.2,3923923,,7.81,Winter,31,,1995.0,-13.125
1995,2,0.0,698.0,40.0,3858044,,7.78,Winter,28,,1995.0833333333333,-13.041666666666742
1995,3,11.0,413.0,51.7,3203849,,7.95,Spring,31,,1995.1666666666667,-12.958333333333258
1995,4,17.0,174.0,59.4,2470289,,8.24,Spring,30,,1995.25,-12.875
1995,5,115.0,53.0,66.6,2412874,,8.28,Spring,31,,1995.3333333333333,-12.791666666666742
1995,6,232.0,6.0,72.2,2966630,,8.14,Summer,30,,1995.4166666666667,-12.708333333333258
1995,7,419.0,0.0,78.1,3798256,,8.56,Summer,31,,1995.5,-12.625
1995,8,409.0,0.0,77.6,4356037,,8.32,Summer,31,,1995.5833333333333,-12.541666666666742
1995,9,140.0,25.0,68.7,3304981,,8.36,Fall,30,,1995.6666666666667,-12.458333333333258
1995,10,48.0,159.0,61.4,2420309,,8.59,Fall,31,,1995.75,-12.375
1995,11,0.0,572.0,45.9,2910905,,7.89,Fall,30,,1995.8333333333333,-12.291666666666742
1995,12,0.0,826.0,38.3,3880153,,7.72,Winter,31,,1995.9166666666667,-12.208333333333258
1996,1,0.0,835.0,38.2,4863388,,7.59,Winter,31,,1996.0,-12.125
1996,2,0.0,643.0,41.8,4275831,,7.67,Winter,29,,1996.0833333333333,-12.041666666666742
1996,3,0.0,608.0,45.2,3476199,,7.92,Spring,31,,1996.1666666666667,-11.958333333333258
1996,4,8.0,230.0,57.4,2934608,,7.96,Spring,30,,1996.25,-11.875
1996,5,130.0,43.0,67.4,2594037,,8.19,Spring,31,,1996.3333333333333,-11.791666666666742
1996,6,285.0,2.0,73.9,3255034,,7.98,Summer,30,,1996.4166666666667,-11.708333333333258
1996,7,378.0,0.0,76.6,4195408,,8.46,Summer,31,,1996.5,-11.625
1996,8,300.0,0.0,74.3,3845069,,8.4,Summer,31,,1996.5833333333333,-11.541666666666742
1996,9,154.0,23.0,69.2,3040302,,8.45,Fall,30,,1996.6666666666667,-11.458333333333258
1996,10,28.0,201.0,59.4,2368071,,8.75,Fall,31,,1996.75,-11.375
1996,11,0.0,588.0,45.5,2827966,,7.94,Fall,30,,1996.8333333333333,-11.291666666666742
1996,12,1.0,650.0,44.4,3915931,,7.75,Winter,31,,1996.9166666666667,-11.208333333333258
1997,1,1.0,762.0,40.5,4323215,,7.65,Winter,31,,1997.0,-11.125
1997,2,1.0,531.0,46.0,3788632,,7.69,Winter,28,,1997.0833333333333,-11.041666666666742
1997,3,20.0,343.0,54.4,2904664,,8.03,Spring,31,,1997.1666666666667,-10.958333333333258
1997,4,0.0,309.0,54.5,2570405,,8.07,Spring,30,,1997.25,-10.875
1997,5,51.0,121.0,62.4,2569099,,8.14,Spring,31,,1997.3333333333333,-10.791666666666742
1997,6,182.0,13.0,70.3,2810863,,8.11,Summer,30,,1997.4166666666667,-10.708333333333258
1997,7,402.0,0.0,77.5,4326357,,8.38,Summer,31,,1997.5,-10.625
1997,8,302.0,1.0,74.2,4064609,,8.26,Summer,31,,1997.5833333333333,-10.541666666666742
1997,9,165.0,18.0,69.6,3567967,,8.31,Fall,30,,1997.6666666666667,-10.458333333333258
1997,10,27.0,201.0,59.3,2611371,,8.54,Fall,31,,1997.75,-10.375
1997,11,0.0,551.0,46.8,2944284,,7.85,Fall,30,,1997.8333333333333,-10.291666666666742
1997,12,0.0,733.0,41.6,4129640,,7.61,Winter,31,,1997.9166666666667,-10.208333333333258
1998,1,5.0,649.0,44.3,4380229,,7.63,Winter,31,,1998.0,-10.125
1998,2,0.0,546.0,45.6,3664977,,7.74,Winter,28,,1998.0833333333333,-10.041666666666742
1998,3,7.0,490.0,49.4,3376591,,7.86,Spring,31,,1998.1666666666667,-9.958333333333258
1998,4,11.0,198.0,58.5,2865066,,7.95,Spring,30,,1998.25,-9.875
1998,5,151.0,32.0,68.4,2574934,,8.2,Spring,31,,1998.3333333333333,-9.791666666666742
1998,6,340.0,1.0,75.8,3778494,,7.85,Summer,30,,1998.4166666666667,-9.708333333333258
1998,7,433.0,0.0,78.4,4880432,,8.28,Summer,31,,1998.5,-9.625
1998,8,368.0,0.0,76.5,4295733,,8.22,Summer,31,,1998.5833333333333,-9.541666666666742
1998,9,258.0,2.0,73.2,4156407,,8.23,Fall,30,,1998.6666666666667,-9.458333333333258
1998,10,42.0,159.0,61.0,2851119,,8.4,Fall,31,,1998.75,-9.375
1998,11,2.0,397.0,51.8,2682303,,7.9,Fall,30,,1998.8333333333333,-9.291666666666742
1998,12,4.0,563.0,47.0,3384028,,7.8,Winter,31,,1998.9166666666667,-9.208333333333258
1999,1,7.0,626.0,45.0,4717738,,7.49,Winter,31,,1999.0,-9.125
1999,2,0.0,562.0,44.8,3213053,,7.89,Winter,28,,1999.0833333333333,-9.041666666666742
1999,3,1.0,563.0,46.6,3922507,,7.69,Spring,31,,1999.1666666666667,-8.958333333333258
1999,4,22.0,149.0,60.4,2943972,,7.89,Spring,30,,1999.25,-8.875
1999,5,90.0,71.0,65.2,2749706,,8.09,Spring,31,,1999.3333333333333,-8.791666666666742
1999,6,238.0,3.0,72.4,3354461,,7.89,Summer,30,,1999.4166666666667,-8.708333333333258
1999,7,432.0,0.0,78.6,4532597,,8.39,Summer,31,,1999.5,-8.625
1999,8,417.0,0.0,77.8,5128523,,8.19,Summer,31,,1999.5833333333333,-8.541666666666742
1999,9,137.0,27.0,68.6,3775033,,8.19,Fall,30,,1999.6666666666667,-8.458333333333258
1999,10,22.0,223.0,58.7,2690362,,8.59,Fall,31,,1999.75,-8.375
1999,11,7.0,321.0,54.5,2899011,,7.89,Fall,30,,1999.8333333333333,-8.291666666666742
1999,12,0.0,668.0,43.4,3721482,,7.79,Winter,31,,1999.9166666666667,-8.208333333333258
2000,1,0.0,809.0,38.8,4690186,,7.57,Winter,31,,2000.0,-8.125
2000,2,0.0,541.0,45.6,4695225,,7.5,Winter,29,,2000.0833333333333,-8.041666666666742
2000,3,17.0,364.0,53.4,3085723,,7.95,Spring,31,,2000.1666666666667,-7.9583333333332575
2000,4,4.0,245.0,56.9,2862539,,8.01,Spring,30,,2000.25,-7.875
2000,5,166.0,29.0,69.1,3216915,,8.03,Spring,31,,2000.3333333333333,-7.7916666666667425
2000,6,315.0,2.0,75.0,4175083,,7.87,Summer,30,,2000.4166666666667,-7.7083333333332575
2000,7,335.0,0.0,75.4,4791733,,8.33,Summer,31,,2000.5,-7.625
2000,8,324.0,0.0,75.0,4539127,,8.28,Summer,31,,2000.5833333333333,-7.5416666666667425
2000,9,146.0,24.0,69.1,3888775,,8.25,Fall,30,,2000.6666666666667,-7.4583333333332575
2000,10,29.0,189.0,59.7,3046198,,8.39,Fall,31,,2000.75,-7.375
2000,11,0.0,522.0,47.5,2952358,,8.13,Fall,30,,2000.8333333333333,-7.2916666666667425
2000,12,0.0,935.0,35.1,4592655,,7.6,Winter,31,,2000.9166666666667,-7.2083333333332575
2001,1,0.0,794.0,39.3,5555018,,7.53,Winter,31,,2001.0,-7.125
2001,2,1.0,518.0,46.4,4136460,,7.77,Winter,28,,2001.0833333333333,-7.0416666666667425
2001,3,3.0,549.0,47.2,3535048,,8.02,Spring,31,,2001.1666666666667,-6.9583333333332575
2001,4,17.0,162.0,59.8,3341507,,8.0,Spring,30,,2001.25,-6.875
2001,5,109.0,56.0,66.3,3004071,,8.22,Spring,31,,2001.3333333333333,-6.7916666666667425
2001,6,294.0,3.0,74.3,3691121,,8.19,Summer,30,,2001.4166666666667,-6.7083333333332575
2001,7,309.0,0.0,74.6,4550674,,8.31,Summer,31,,2001.5,-6.625
2001,8,377.0,0.0,76.7,4684493,,8.35,Summer,31,,2001.5833333333333,-6.5416666666667425
2001,9,117.0,35.0,67.6,4279871,,8.35,Fall,30,,2001.6666666666667,-6.4583333333332575
2001,10,18.0,244.0,57.7,3006996,,8.67,Fall,31,,2001.75,-6.375
2001,11,8.0,312.0,54.8,3077128,,8.23,Fall,30,,2001.8333333333333,-6.2916666666667425
2001,12,5.0,535.0,48.0,3338330,,8.06,Winter,31,,2001.9166666666667,-6.2083333333332575
2002,1,2.0,700.0,42.6,5028808,,7.8,Winter,31,,2002.0,-6.125
2002,2,0.0,576.0,44.4,4004343,,8.04,Winter,28,,2002.0833333333333,-6.0416666666667425
2002,3,10.0,441.0,51.1,3740045,,8.08,Spring,31,,2002.1666666666667,-5.9583333333332575
2002,4,44.0,109.0,62.5,3206351,,8.25,Spring,30,,2002.25,-5.875
2002,5,90.0,72.0,65.3,3357084,,8.26,Spring,31,,2002.3333333333333,-5.7916666666667425
2002,6,324.0,2.0,75.2,4061599,,8.14,Summer,30,,2002.4166666666667,-5.7083333333332575
2002,7,442.0,0.0,78.7,5123332,,8.36,Summer,31,,2002.5,-5.625
2002,8,383.0,0.0,77.0,5364051,,8.35,Summer,31,,2002.5833333333333,-5.5416666666667425
2002,9,227.0,7.0,72.2,4552701,,8.46,Fall,30,,2002.6666666666667,-5.4583333333332575
2002,10,50.0,149.0,62.1,3561938,,8.63,Fall,31,,2002.75,-5.375
2002,11,0.0,507.0,48.1,3254919,,8.36,Fall,30,,2002.8333333333333,-5.2916666666667425
2002,12,0.0,763.0,40.5,4599246,,7.73,Winter,31,,2002.9166666666667,-5.2083333333332575
2003,1,0.0,880.0,36.4,5157919,,7.9,Winter,31,,2003.0,-5.125
2003,2,0.0,660.0,41.4,5223872,,7.84,Winter,28,,2003.0833333333333,-5.0416666666667425
2003,3,14.0,392.0,52.8,3961079,,8.14,Spring,31,,2003.1666666666667,-4.9583333333332575
2003,4,7.0,225.0,57.6,2925523,,8.58,Spring,30,,2003.25,-4.875
2003,5,95.0,67.0,65.8,3186048,,8.45,Spring,31,,2003.3333333333333,-4.7916666666667425
2003,6,236.0,7.0,72.5,3642258,,8.33,Summer,30,,2003.4166666666667,-4.7083333333332575
2003,7,368.0,0.0,76.6,5078468,,8.41,Summer,31,,2003.5,-4.625
2003,8,391.0,0.0,77.3,4992835,,8.57,Summer,31,,2003.5833333333333,-4.5416666666667425
2003,9,156.0,22.0,69.4,4481225,,8.68,Fall,30,,2003.6666666666667,-4.4583333333332575
2003,10,24.0,212.0,58.9,3075598,,8.97,Fall,31,,2003.75,-4.375
2003,11,10.0,290.0,55.7,2897190,,8.68,Fall,30,,2003.8333333333333,-4.2916666666667425
2003,12,0.0,765.0,40.3,4726751,,7.87,Winter,31,,2003.9166666666667,-4.2083333333332575
2004,1,0.0,836.0,37.9,5482232,,7.92,Winter,31,,2004.0,-4.125
2004,2,0.0,694.0,40.4,5098174,,8.04,Winter,29,,2004.0833333333333,-4.0416666666667425
2004,3,11.0,411.0,51.8,4076759,,8.32,Spring,31,,2004.1666666666667,-3.9583333333332575
2004,4,13.0,189.0,58.8,3375040,,8.54,Spring,30,,2004.25,-3.875
2004,5,219.0,16.0,71.1,3488050,,8.44,Spring,31,,2004.3333333333333,-3.7916666666667425
2004,6,293.0,2.0,74.4,4751006,,8.22,Summer,30,,2004.4166666666667,-3.7083333333332575
2004,7,391.0,0.0,77.3,5346503,,8.56,Summer,31,,2004.5,-3.625
2004,8,288.0,1.0,73.9,4934490,,8.75,Summer,31,,2004.5833333333333,-3.5416666666667425
2004,9,173.0,17.0,70.2,4193355,,8.96,Fall,30,,2004.6666666666667,-3.4583333333332575
2004,10,47.0,149.0,61.6,3303089,,9.11,Fall,31,,2004.75,-3.375
2004,11,3.0,365.0,52.8,3076871,,8.87,Fall,30,,2004.8333333333333,-3.2916666666667425
2004,12,0.0,717.0,41.9,4591812,,8.14,Winter,31,,2004.9166666666667,-3.2083333333332575
2005,1,3.0,682.0,43.0,5315115,,8.1,Winter,31,,2005.0,-3.125
2005,2,0.0,589.0,43.8,4699965,,8.3,Winter,28,,2005.0833333333333,-3.0416666666667425
2005,3,3.0,544.0,47.2,4464197,,8.35,Spring,31,,2005.1666666666667,-2.9583333333332575
2005,4,8.0,218.0,57.6,3350042,,8.72,Spring,30,,2005.25,-2.875
2005,5,61.0,102.0,63.3,3197414,,8.85,Spring,31,,2005.3333333333333,-2.7916666666667425
2005,6,268.0,3.0,73.5,4258389,,8.57,Summer,30,,2005.4166666666667,-2.7083333333332575
2005,7,451.0,0.0,79.2,5635984,,8.67,Summer,31,,2005.5,-2.625
2005,8,415.0,0.0,78.1,5787560,,8.76,Summer,31,,2005.5833333333333,-2.5416666666667425
2005,9,272.0,4.0,73.6,5167109,,8.94,Fall,30,,2005.6666666666667,-2.4583333333332575
2005,10,48.0,151.0,61.7,3783696,,9.38,Fall,31,,2005.75,-2.375
2005,11,2.0,391.0,52.1,3337471,,9.18,Fall,30,,2005.8333333333333,-2.2916666666667425
2005,12,0.0,777.0,40.0,5075794,,8.43,Winter,31,,2005.9166666666667,-2.2083333333332575
2006,1,10.0,577.0,46.6,5095233,,8.57,Winter,31,,2006.0,-2.125
2006,2,0.0,634.0,42.1,4232615,,8.77,Winter,28,,2006.0833333333333,-2.0416666666667425
2006,3,7.0,462.0,49.8,4139177,,8.74,Spring,31,,2006.1666666666667,-1.9583333333332575
2006,4,34.0,120.0,61.7,3440410,,9.16,Spring,30,,2006.25,-1.875
2006,5,72.0,91.0,64.2,3370810,,9.23,Spring,31,,2006.3333333333333,-1.7916666666667425
2006,6,259.0,3.0,73.1,4632248,,9.03,Summer,30,,2006.4166666666667,-1.7083333333332575
2006,7,402.0,0.0,77.6,5640741,,9.2,Summer,31,,2006.5,-1.625
2006,8,426.0,0.0,78.3,6026603,,9.31,Summer,31,,2006.5833333333333,-1.5416666666667425
2006,9,132.0,30.0,68.1,4754987,,9.68,Fall,30,,2006.6666666666667,-1.4583333333332575
2006,10,17.0,248.0,57.7,3418416,,9.76,Fall,31,,2006.75,-1.375
2006,11,2.0,409.0,51.5,3585161,,9.23,Fall,30,,2006.8333333333333,-1.2916666666667425
2006,12,4.0,561.0,47.1,4514896,,8.85,Winter,31,,2006.9166666666667,-1.2083333333332575
2007,1,5.0,648.0,44.2,5037686,2932240.0,8.85,Winter,31,1.7180333124164462,2007.0,-1.125
2007,2,0.0,722.0,39.1,5382445,2936894.0,8.88,Winter,28,1.8326997841937775,2007.0833333333333,-1.0416666666667425
2007,3,18.0,349.0,53.8,4316454,2941196.0,9.21,Spring,31,1.4675846152381549,2007.1666666666667,-0.9583333333332575
2007,4,8.0,227.0,57.3,3434565,2945766.0,9.61,Spring,30,1.1659327319277906,2007.25,-0.875
2007,5,102.0,59.0,66.0,3670845,2949449.0,9.48,Spring,31,1.2445867007702116,2007.3333333333333,-0.7916666666667425
2007,6,287.0,2.0,74.1,4716835,2955437.0,9.32,Summer,30,1.595985635965172,2007.4166666666667,-0.7083333333332575
2007,7,348.0,1.0,75.8,5512326,2960436.0,9.67,Summer,31,1.8619980300199024,2007.5,-0.625
2007,8,512.0,0.0,80.6,6247126,2966036.0,9.51,Summer,31,2.1062205583479097,2007.5833333333333,-0.5416666666667425
2007,9,243.0,5.0,72.4,5560212,2971346.0,9.64,Fall,30,1.8712771922219762,2007.6666666666667,-0.45833333333325754
2007,10,99.0,89.0,65.4,3937177,2975345.0,10.01,Fall,31,1.3232673857989579,2007.75,-0.375
2007,11,0.0,465.0,49.5,3680494,2979558.0,9.58,Fall,30,1.2352483153541565,2007.8333333333333,-0.29166666666674246
2007,12,4.0,549.0,47.5,4599306,2983845.0,9.19,Winter,31,1.5414024522051246,2007.9166666666667,-0.20833333333325754
2008,1,2.0,777.0,40.1,5675741,4120654.0,8.75,Winter,31,1.377388395143101,2008.0,-0.125
2008,2,1.0,530.0,46.2,4969656,4127567.0,8.85,Winter,29,1.2040158282106626,2008.0833333333333,-0.04166666666674246
2008,3,9.0,441.0,51.0,4074855,4131469.0,9.17,Spring,31,0.9862968837476452,2008.1666666666667,0.04166666666674246
2008,4,11.0,202.0,58.7,3536969,4160240.0,9.54,Spring,30,0.8501838836220987,2008.25,0.125
2008,5,82.0,79.0,64.8,3479989,4139812.0,9.78,Spring,31,0.8406152260054321,2008.3333333333333,0.20833333333325754
2008,6,380.0,1.0,77.1,5051364,4143736.0,9.52,Summer,30,1.2190361548129514,2008.4166666666667,0.29166666666674246
2008,7,371.0,0.0,76.6,5877102,4150959.0,9.85,Summer,31,1.415841977721293,2008.5,0.375
2008,8,335.0,0.0,75.5,5706740,4157034.0,9.84,Summer,31,1.3727912737783718,2008.5833333333333,0.45833333333325754
2008,9,185.0,13.0,70.8,4737020,4158146.0,10.02,Fall,30,1.1392144479775361,2008.6666666666667,0.5416666666667425
2008,10,17.0,242.0,57.8,3576855,4159713.0,10.27,Fall,31,0.8598802369298074,2008.75,0.625
2008,11,0.0,535.0,47.2,3748528,4155450.0,9.63,Fall,30,0.9020751061858523,2008.8333333333333,0.7083333333332575
2008,12,3.0,595.0,46.1,5316380,4166723.0,9.29,Winter,31,1.2759139496434009,2008.9166666666667,0.7916666666667425
2009,1,0.0,814.0,38.7,5838006,4163536.0,9.39,Winter,31,1.402174978191614,2009.0,0.875
2009,2,0.0,614.0,42.8,5184402,4166207.0,9.8,Winter,28,1.2443937615197709,2009.0833333333333,0.9583333333332575
2009,3,5.0,488.0,49.3,4640988,4166263.0,9.79,Spring,31,1.1139450389953778,2009.1666666666667,1.0416666666667425
2009,4,13.0,191.0,58.7,3587137,4166764.0,10.17,Spring,30,0.8608927695449035,2009.25,1.125
2009,5,130.0,45.0,67.5,3623278,4170187.0,10.22,Spring,31,0.8688526437783246,2009.3333333333333,1.2083333333332575
2009,6,313.0,1.0,75.1,4768979,4174070.0,9.98,Summer,30,1.1425249217190896,2009.4166666666667,1.2916666666667425
2009,7,334.0,1.0,75.2,5987174,4178344.0,10.2,Summer,31,1.4329059550865126,2009.5,1.375
2009,8,396.0,0.0,77.4,5720402,4180840.0,10.06,Summer,31,1.3682422671042183,2009.5833333333333,1.4583333333332575
2009,9,164.0,18.0,69.6,4677333,4182018.0,10.39,Fall,30,1.1184392319688725,2009.6666666666667,1.5416666666667425
2009,10,23.0,217.0,58.9,3649116,4184137.0,10.64,Fall,31,0.8721310989578018,2009.75,1.625
2009,11,3.0,376.0,52.7,3439423,4186657.0,10.22,Fall,30,0.821520129306031,2009.8333333333333,1.7083333333332575
2009,12,0.0,765.0,40.7,5194887,4190949.0,9.5,Winter,31,1.2395490854219415,2009.9166666666667,1.7916666666667425
2010,1,0.0,875.0,36.6,7133501,4159787.0,9.36,Winter,31,1.7148716989595862,2010.0,1.875
2010,2,0.0,784.0,36.9,5646269,4163443.0,9.99,Winter,28,1.3561537890635227,2010.0833333333333,1.9583333333332575
2010,3,7.0,478.0,49.5,5165512,4166235.0,9.91,Spring,31,1.2398513285976427,2010.1666666666667,2.0416666666667425
2010,4,30.0,129.0,61.3,3464899,4166133.0,10.55,Spring,30,0.8316822818666615,2010.25,2.125
2010,5,177.0,26.0,69.5,3654688,4168187.0,10.37,Spring,31,0.8768051913217905,2010.3333333333333,2.2083333333332575
2010,6,422.0,0.0,78.8,5386357,4192498.0,10.14,Summer,30,1.2847607798501037,2010.4166666666667,2.2916666666667425
2010,7,457.0,0.0,79.4,6662950,4207557.0,10.43,Summer,31,1.583567376508506,2010.5,2.375
2010,8,432.0,0.0,78.6,6380926,4203917.0,10.52,Summer,31,1.5178525170691999,2010.5833333333333,2.4583333333332575
2010,9,264.0,4.0,73.1,5374288,4202440.0,10.54,Fall,30,1.2788494303309506,2010.6666666666667,2.5416666666667425
2010,10,43.0,163.0,60.9,3716207,4204202.0,10.64,Fall,31,0.8839268427159304,2010.75,2.625
2010,11,0.0,454.0,50.0,3523954,4204050.0,10.08,Fall,30,0.8382283750193266,2010.8333333333333,2.7083333333332575
2010,12,0.0,969.0,33.6,6050555,4187958.0,9.44,Winter,31,1.444750639810619,2010.9166666666667,2.7916666666667425
2011,1,0.0,887.0,36.2,7167111,4188944.0,9.33,Winter,31,1.710958895607103,2011.0,2.875
2011,2,1.0,536.0,45.7,4838267,4189855.0,10.09,Winter,28,1.154757622877164,2011.0833333333333,2.9583333333332575
2011,3,8.0,450.0,50.6,4047141,4191578.0,10.13,Spring,31,0.9655411398761994,2011.1666666666667,3.0416666666667425
2011,4,30.0,130.0,61.4,3548649,4192825.0,10.33,Spring,30,0.8463622974963181,2011.25,3.125
2011,5,133.0,43.0,67.6,3649778,4191179.0,10.45,Spring,31,0.8708236990116623,2011.3333333333333,3.2083333333332575
2011,6,373.0,1.0,77.0,5644104,4199144.0,10.13,Summer,30,1.3441082277721363,2011.4166666666667,3.2916666666667425
2011,7,478.0,0.0,80.0,6387461,4203168.0,10.37,Summer,31,1.5196777763820053,2011.5,3.375
2011,8,405.0,0.0,77.7,6271955,4205617.0,10.43,Summer,31,1.491328145192489,2011.5833333333333,3.4583333333332575
2011,9,197.0,13.0,71.0,4738498,4229310.0,10.95,Fall,30,1.1203950526208768,2011.6666666666667,3.5416666666667425
2011,10,20.0,230.0,58.2,3386226,4205168.0,11.17,Fall,31,0.8052534405284164,2011.75,3.625
2011,11,2.0,382.0,52.4,3745323,4207221.0,10.35,Fall,30,0.8902130408647418,2011.8333333333333,3.7083333333332575
2011,12,4.0,565.0,46.9,4631366,4218760.0,10.08,Winter,31,1.0978026718751481,2011.9166666666667,3.7916666666667425
2012,1,5.0,661.0,43.9,5512667,4214434.0,10.09,Winter,31,1.3080444491478571,2012.0,3.875
2012,2,0.0,536.0,45.8,4394900,4218437.0,10.76,Winter,29,1.0418313702444768,2012.0833333333333,3.9583333333332575
2012,3,48.0,233.0,58.7,3924685,4222935.0,11.0,Spring,31,0.9293737649288942,2012.1666666666667,4.0416666666667425
2012,4,14.0,181.0,59.2,3105049,4224801.0,11.42,Spring,30,0.734957457167805,2012.25,4.125
2012,5,178.0,24.0,69.6,4003049,4227428.0,10.8,Spring,31,0.9469230463534801,2012.3333333333333,4.2083333333332575
2012,6,236.0,4.0,72.3,4751826,4230422.0,11.0,Summer,30,1.1232510610052615,2012.4166666666667,4.2916666666667425
2012,7,489.0,0.0,80.3,6313813,4234119.0,11.03,Summer,31,1.4911751417473151,2012.5,4.375
2012,8,340.0,0.0,75.6,5723469,4237623.0,11.23,Summer,31,1.350631946258551,2012.5833333333333,4.4583333333332575
2012,9,168.0,17.0,69.8,4507800,4236983.0,11.52,Fall,30,1.063917414820876,2012.6666666666667,4.5416666666667425
2012,10,29.0,198.0,59.5,3404079,4237966.0,11.41,Fall,31,0.8032341458142892,2012.75,4.625
2012,11,0.0,559.0,46.3,4106163,4240171.0,10.53,Fall,30,0.9683956142334825,2012.8333333333333,4.7083333333332575
2012,12,4.0,542.0,47.6,4924020,4241701.0,10.41,Winter,31,1.1608597588561758,2012.9166666666667,4.7916666666667425
2013,1,5.0,651.0,44.1,5699585,4246463.0,10.24,Winter,31,1.3421958462843078,2013.0,4.875
2013,2,0.0,649.0,41.8,4849096,4250670.0,10.51,Winter,28,1.1407839234755932,2013.0833333333333,4.9583333333332575
2013,3,0.0,644.0,44.0,5031611,4254463.0,10.35,Spring,31,1.1826665315928238,2013.1666666666667,5.0416666666667425
2013,4,12.0,189.0,58.7,3767108,4257575.0,11.1,Spring,30,0.8848013246977446,2013.25,5.125
2013,5,85.0,77.0,65.1,3406604,4260275.0,11.27,Spring,31,0.7996206817635012,2013.3333333333333,5.2083333333332575
2013,6,288.0,2.0,74.3,4726288,4264895.0,11.11,Summer,30,1.1081839060516143,2013.4166666666667,5.2916666666667425
2013,7,379.0,0.0,77.0,5623270,4270143.0,11.24,Summer,31,1.3168809569140894,2013.5,5.375
2013,8,301.0,1.0,74.4,5445110,4276228.0,11.41,Summer,31,1.273344171545577,2013.5833333333333,5.4583333333332575
2013,9,161.0,19.0,69.4,4622040,4277532.0,11.56,Fall,30,1.0805389649919626,2013.6666666666667,5.5416666666667425
2013,10,39.0,169.0,60.7,3524756,4281169.0,11.86,Fall,31,0.8233162484358828,2013.75,5.625
2013,11,0.0,521.0,47.8,3917935,4286243.0,10.99,Fall,30,0.9140720673092962,2013.8333333333333,5.7083333333332575
2013,12,2.0,611.0,45.4,5637893,4290515.0,10.56,Winter,31,1.3140364268625095,2013.9166666666667,5.7916666666667425
2014,1,0.0,921.0,35.3,6776625,4272972.0,10.26,Winter,31,1.5859277804769139,2014.0,5.875
2014,2,0.0,607.0,43.0,5614999,4276685.0,11.01,Winter,28,1.3129325634223703,2014.0833333333333,5.9583333333332575
2014,3,0.0,605.0,45.5,4996927,4278049.0,10.92,Spring,31,1.1680387485042831,2014.1666666666667,6.0416666666667425
2014,4,15.0,182.0,59.2,3559254,4278875.0,11.81,Spring,30,0.8318200461569922,2014.25,6.125
2014,5,153.0,36.0,68.5,3838529,4282112.0,11.36,Spring,31,0.8964102293447719,2014.3333333333333,6.2083333333332575
2014,6,321.0,1.0,75.2,4932502,4295929.0,11.38,Summer,30,1.1481805216054548,2014.4166666666667,6.2916666666667425
2014,7,350.0,1.0,75.7,5765245,4311537.0,11.28,Summer,31,1.3371670010021948,2014.5,6.375
2014,8,299.0,1.0,74.3,5237361,4320426.0,11.42,Summer,31,1.2122325437352706,2014.5833333333333,6.4583333333332575
2014,9,200.0,10.0,71.2,4819636,4323167.0,11.57,Fall,30,1.1148391908061845,2014.6666666666667,6.5416666666667425
2014,10,48.0,154.0,61.4,3520628,4328505.0,11.89,Fall,31,0.8133588848805765,2014.75,6.625
2014,11,0.0,577.0,45.8,3989799,4333905.0,10.63,Fall,30,0.920601397584857,2014.8333333333333,6.7083333333332575
2014,12,1.0,621.0,45.1,5598491,4339529.0,10.46,Winter,31,1.2901148949574943,2014.9166666666667,6.7916666666667425
2015,1,0.0,795.0,39.4,6210016,4316761.0,10.52,Winter,31,1.4385823074291118,2015.0,6.875
2015,2,0.0,837.0,34.9,5814177,4324518.0,10.66,Winter,28,1.3444682158797814,2015.0833333333333,6.9583333333332575
2015,3,9.0,443.0,50.7,5231360,4327436.0,11.22,Spring,31,1.2088821186494727,2015.1666666666667,7.0416666666667425
2015,4,19.0,162.0,60.0,3233375,4328222.0,12.08,Spring,30,0.747044629411338,2015.25,7.125
2015,5,158.0,30.0,68.6,3786870,4331618.0,11.4,Spring,31,0.8742391411246329,2015.3333333333333,7.2083333333332575
2015,6,382.0,1.0,77.3,5304763,4337490.0,11.09,Summer,30,1.2230029348770832,2015.4166666666667,7.2916666666667425
2015,7,432.0,0.0,78.5,6341899,4335061.0,11.45,Summer,31,1.4629318941532772,2015.5,7.375
2015,8,361.0,0.0,76.1,5648945,4339723.0,11.6,Summer,31,1.3016833102020566,2015.5833333333333,7.4583333333332575
2015,9,214.0,10.0,71.6,4765621,4344017.0,11.88,Fall,30,1.0970539479932975,2015.6666666666667,7.5416666666667425
2015,10,31.0,192.0,60.0,3552450,4347967.0,12.07,Fall,31,0.8170370198301873,2015.75,7.625
2015,11,6.0,330.0,54.4,3370663,4350576.0,11.39,Fall,30,0.7747624682340913,2015.8333333333333,7.7083333333332575
2015,12,26.0,350.0,54.7,4641418,4356942.0,10.81,Winter,31,1.0652925836515612,2015.9166666666667,7.7916666666667425
2016,1,0.0,825.0,38.4,6039880,4395598.0,10.31,Winter,31,1.3740746992786874,2016.0,7.875
2016,2,0.0,609.0,43.2,5259076,4402666.0,10.67,Winter,29,1.1945207744580215,2016.0833333333333,7.9583333333332575
2016,3,31.0,290.0,56.2,4193697,4406254.0,11.54,Spring,31,0.951760157267375,2016.1666666666667,8.041666666666742
2016,4,12.0,188.0,58.7,3264524,4410884.0,11.6,Spring,30,0.740106518330566,2016.25,8.125
2016,5,100.0,65.0,65.8,3714717,4414400.0,11.29,Spring,31,0.8414998640811888,2016.3333333333333,8.208333333333258
2016,6,325.0,1.0,75.3,5316077,4421008.0,11.02,Summer,30,1.2024581271963317,2016.4166666666667,8.291666666666742
2016,7,482.0,0.0,80.1,6393929,4426531.0,11.07,Summer,31,1.4444559407807152,2016.5,8.375
2016,8,455.0,0.0,79.2,6337548,4434451.0,11.24,Summer,31,1.4291618060499485,2016.5833333333333,8.458333333333258
2016,9,292.0,2.0,74.3,5279898,4437007.0,11.31,Fall,30,1.1899683728242936,2016.6666666666667,8.541666666666742
2016,10,66.0,123.0,63.2,3616024,4440423.0,11.63,Fall,31,0.8143422372147878,2016.75,8.625
2016,11,1.0,395.0,51.7,3785046,4442469.0,11.11,Fall,30,0.8520140489444046,2016.8333333333333,8.708333333333258
2016,12,1.0,656.0,44.0,5256392,4450656.0,10.2,Winter,31,1.1810375818755707,2016.9166666666667,8.791666666666742
2017,1,8.0,615.0,45.4,5389930,4456742.0,10.32,Winter,31,1.2093879340558642,2017.0,8.875
2017,2,8.0,396.0,50.7,3989006,4457789.0,10.99,Winter,28,0.8948395718146372,2017.0833333333333,8.958333333333258
2017,3,8.0,458.0,50.0,4307102,4471491.0,10.85,Spring,31,0.9632362001846811,2017.1666666666667,9.041666666666742
2017,4,59.0,88.0,63.9,3370780,4471464.0,11.26,Spring,30,0.7538425893622313,2017.25,9.125
2017,5,134.0,44.0,67.7,4050169,4480678.0,11.13,Spring,31,0.9039187819343412,2017.3333333333333,9.208333333333258
2017,6,276.0,3.0,73.8,5049591,4487533.0,10.92,Summer,30,1.1252487725438454,2017.4166666666667,9.291666666666742
2017,7,440.0,0.0,78.7,6181255,4493681.0,11.02,Summer,31,1.3755437913817203,2017.5,9.375
2017,8,350.0,0.0,75.8,5774477,4499910.0,11.18,Summer,31,1.2832427759666305,2017.5833333333333,9.458333333333258
2017,9,189.0,17.0,70.5,4583535,4500701.0,11.54,Fall,30,1.018404688514078,2017.6666666666667,9.541666666666742
2017,10,64.0,130.0,62.8,3947250,4506786.0,11.45,Fall,31,0.8758458910629437,2017.75,9.625
2017,11,0.0,448.0,50.3,4076916,4512579.0,10.75,Fall,30,0.9034558730162952,2017.8333333333333,9.708333333333258
2017,12,0.0,697.0,42.4,5413951,4517076.0,10.13,Winter,31,1.1985521164576376,2017.9166666666667,9.791666666666742
2018,1,0.0,900.0,35.9,7309925,4524579.0,10.1,Winter,31,1.6156033522676916,2018.0,9.875
2018,2,10.0,378.0,51.9,4684006,4522175.0,11.25,Winter,28,1.0357860985034857,2018.0833333333333,9.958333333333258
2018,3,1.0,573.0,46.3,4466909,4529401.0,11.01,Spring,31,0.9862030321448686,2018.1666666666667,10.041666666666742
2018,4,4.0,261.0,56.1,3698323,4534341.0,11.7,Spring,30,0.8156252474174307,2018.25,10.125
2018,5,236.0,13.0,71.6,4375275,4540016.0,11.24,Spring,31,0.9637135640050608,2018.3333333333333,10.208333333333258
2018,6,370.0,1.0,76.8,5585821,4549249.0,11.05,Summer,30,1.2278556306766237,2018.4166666666667,10.291666666666742
2018,7,397.0,0.0,77.2,6152893,4549824.0,11.23,Summer,31,1.3523364859827545,2018.5,10.375
2018,8,391.0,0.0,77.3,6008615,4563047.0,11.29,Summer,31,1.3167988407745965,2018.5833333333333,10.458333333333258
2018,9,340.0,1.0,76.2,5350937,4562100.0,11.39,Fall,30,1.1729109401372175,2018.6666666666667,10.541666666666742
2018,10,57.0,136.0,62.5,4257168,4570595.0,11.75,Fall,31,0.9314253395892658,2018.75,10.625
2018,11,0.0,513.0,48.4,4360717,4576032.0,11.13,Fall,30,0.9529472258935252,2018.8333333333333,10.708333333333258
2018,12,2.0,629.0,45.0,5371866,4583644.0,10.63,Winter,31,1.171964053054731,2018.9166666666667,10.791666666666742
2019,1,2.0,714.0,42.0,5817968,4584651.0,10.86,Winter,31,1.269010007522928,2019.0,10.875
2019,2,2.0,478.0,48.1,4779182,4592680.0,11.5,Winter,28,1.040608533579522,2019.0833333333333,10.958333333333258
2019,3,4.0,502.0,48.8,4520474,4596755.0,11.27,Spring,31,0.983405467552654,2019.1666666666667,11.041666666666742
2019,4,27.0,139.0,61.1,3642737,4602713.0,12.18,Spring,30,0.7914325746575986,2019.25,11.125
2019,5,245.0,13.0,72.2,4494656,4610067.0,11.4,Spring,31,0.9749654397647582,2019.3333333333333,11.208333333333258
2019,6,288.0,3.0,74.2,5132282,4624944.0,11.43,Summer,30,1.109696030914104,2019.4166666666667,11.291666666666742
2019,7,450.0,0.0,79.0,6297466,4626972.0,11.35,Summer,31,1.3610339548196964,2019.5,11.375
2019,8,381.0,0.0,77.0,5963295,4633660.0,11.54,Summer,31,1.2869513516313238,2019.5833333333333,11.458333333333258
2019,9,317.0,1.0,74.9,5524055,4637941.0,11.63,Fall,30,1.191057626649412,2019.6666666666667,11.541666666666742
2019,10,90.0,96.0,64.6,4238459,4642493.0,11.9,Fall,31,0.9129704665144353,2019.75,11.625
2019,11,0.0,536.0,47.4,4219181,4647034.0,11.43,Fall,30,0.9079298752709793,2019.8333333333333,11.708333333333258
2019,12,2.0,582.0,46.6,5223038,4650356.0,10.88,Winter,31,1.1231479912505624,2019.9166666666667,11.791666666666742
2020,1,8.0,601.0,46.0,5339239,4646430.0,10.9,Winter,31,1.1491056574617502,2020.0,11.875
2020,2,2.0,504.0,47.0,4821528,4647852.0,11.36,Winter,29,1.0373669385341875,2020.0833333333333,11.958333333333258
2020,3,27.0,300.0,55.9,4086358,4662477.0,11.55,Spring,31,0.8764349936739634,2020.1666666666667,12.041666666666742
2020,4,7.0,222.0,57.4,3788702,4670238.0,11.87,Spring,30,0.8112438809328347,2020.25,12.125
2020,5,62.0,104.0,63.6,4014933,4678717.0,11.61,Spring,31,0.8581269181273413,2020.3333333333333,12.208333333333258
2020,6,262.0,3.0,73.2,5174091,4693115.0,11.31,Summer,30,1.1024854494296432,2020.4166666666667,12.291666666666742
2020,7,465.0,0.0,79.6,6738065,4704674.0,11.12,Summer,31,1.4322065673413291,2020.5,12.375
2020,8,398.0,0.0,77.5,6206148,4716320.0,11.42,Summer,31,1.3158878108355667,2020.5833333333333,12.458333333333258
2020,9,160.0,19.0,69.7,4865379,4723500.0,12.0,Fall,30,1.0300368370911401,2020.6666666666667,12.541666666666742
2020,10,64.0,127.0,63.0,3906617,4729563.0,12.03,Fall,31,0.8259995690933813,2020.75,12.625
2020,11,8.0,317.0,54.8,3855198,4730902.0,11.51,Fall,30,0.8148970323206864,2020.8333333333333,12.708333333333258
2020,12,0.0,707.0,42.2,5845316,4737306.0,10.51,Winter,31,1.2338903165638868,2020.9166666666667,12.791666666666742
2021,1,1.0,749.0,40.8,6227361,4733597.0,10.39,Winter,31,1.3155663652820466,2021.0,12.875
2021,2,0.0,642.0,42.2,5653027,4704803.0,10.98,Winter,28,1.2015438265959275,2021.0833333333333,12.958333333333258
2021,3,15.0,379.0,53.1,4605515,4767929.0,11.28,Spring,31,0.9659361538311497,2021.1666666666667,13.041666666666742
2021,4,13.0,195.0,58.6,4113252,4774669.0,11.51,Spring,30,0.8614737482326,2021.25,13.125
2021,5,95.0,69.0,65.5,4024058,4703852.0,11.65,Spring,31,0.8554814224597203,2021.3333333333333,13.208333333333258
2021,6,280.0,2.0,73.8,5181291,4798220.0,11.34,Summer,30,1.0798360642071434,2021.4166666666667,13.291666666666742
2021,7,390.0,0.0,77.1,6132810,4806232.0,11.38,Summer,31,1.2760120610074586,2021.5,13.375
2021,8,410.0,0.0,77.8,6442324,4816070.0,11.33,Summer,31,1.3376724175520704,2021.5833333333333,13.458333333333258
2021,9,190.0,14.0,70.6,5253371,4816782.0,11.83,Fall,30,1.0906391445575074,2021.6666666666667,13.541666666666742
2021,10,85.0,100.0,64.4,4070153,4821491.0,12.1,Fall,31,0.8441689510568411,2021.75,13.625
2021,11,0.0,508.0,48.1,4168049,4712982.0,11.44,Fall,30,0.8843761762722624,2021.8333333333333,13.708333333333258
2021,12,11.0,446.0,50.8,5043473,4838442.0,11.14,Winter,31,1.0423754175414317,2021.9166666666667,13.791666666666742
2022,1,0.0,813.0,38.7,6241217,4703413.0,10.52,Winter,31,1.3269549155049747,2022.0,13.875
2022,2,1.0,529.0,46.0,5812360,4854867.0,10.83,Winter,28,1.1972233224926656,2022.0833333333333,13.958333333333258
2022,3,16.0,369.0,53.4,4370828,4867371.0,11.79,Spring,31,0.897985380608957,2022.1666666666667,14.041666666666742
2022,4,14.0,188.0,58.8,3743022,4839145.0,11.8,Spring,30,0.7734882918366778,2022.25,14.125
2022,5,160.0,32.0,68.8,4626277,4848048.0,11.68,Spring,31,0.9542556096804322,2022.3333333333333,14.208333333333258
2022,6,320.0,1.0,75.1,5720586,4856093.0,11.33,Summer,30,1.1780223319446312,2022.4166666666667,14.291666666666742
2022,7,449.0,0.0,79.1,6681091,4862352.0,11.52,Summer,31,1.3740451123242414,2022.5,14.375
2022,8,369.0,0.0,76.5,6309158,4872174.0,11.87,Summer,31,1.2949369213825286,2022.5833333333333,14.458333333333258
2022,9,181.0,17.0,70.3,4817811,4879131.0,12.64,Fall,30,0.9874321882318798,2022.6666666666667,14.541666666666742
2022,10,16.0,251.0,57.4,3728814,4886838.0,12.97,Fall,31,0.7630320464889566,2022.75,14.625
2022,11,5.0,357.0,53.2,4312114,4895533.0,11.89,Fall,30,0.8808262552821112,2022.8333333333333,14.708333333333258
2022,12,0.0,729.0,41.8,6080675,4902903.0,11.48,Winter,31,1.240219314965032,2022.9166666666667,14.791666666666742
2023,1,11.0,574.0,46.7,5436897,4900218.0,12.37,Winter,31,1.1095214539434777,2023.0,14.875
2023,2,8.0,387.0,51.2,4482804,4903273.0,12.75,Winter,28,0.914247279317305,2023.0833333333333,14.958333333333258
2023,3,13.0,399.0,52.2,4446856,4919271.0,12.67,Spring,31,0.9039664616972718,2023.1666666666667,15.041666666666742
2023,4,21.0,159.0,60.3,3748402,4924429.0,12.91,Spring,30,0.761185103897325,2023.25,15.125
2023,5,72.0,89.0,64.2,3882224,4936056.0,12.9,Spring,31,0.7865032325403115,2023.3333333333333,15.208333333333258
2023,6,198.0,12.0,70.8,4880631,4947340.0,12.57,Summer,30,0.9865161884972531,2023.4166666666667,15.291666666666742
2023,7,434.0,0.0,78.6,6623227,4956977.0,12.39,Summer,31,1.3361423706424298,2023.5,15.375
2023,8,393.0,0.0,77.3,6415190,4968991.0,12.7,Summer,31,1.2910448016508784,2023.5833333333333,15.458333333333258
2023,9,189.0,11.0,70.8,5092920,4975217.0,13.72,Fall,30,1.0236578625615727,2023.6666666666667,15.541666666666742
2023,10,40.0,162.0,60.9,3815641,4987969.0,14.4,Fall,31,0.7649688680903991,2023.75,15.625
2023,11,0.0,444.0,50.2,4379980,4996406.0,13.39,Fall,30,0.8766261188542325,2023.8333333333333,15.708333333333258
2023,12,2.0,589.0,46.0,5532748,5000381.0,12.97,Winter,31,1.1064652873451044,2023.9166666666667,15.791666666666742
2024,1,2.0,723.0,41.8,6644361,5012274.0,12.84,Winter,31,1.325618072755001,2024.0,15.875
2024,2,1.0,504.0,46.8,4992833,5021283.0,14.88,Winter,29,0.9943341173958926,2024.0833333333333,15.958333333333258
2024,3,18.0,357.0,53.8,4048909,5029672.0,15.34,Spring,31,0.8050045808156079,2024.1666666666667,16.041666666666742
2024,4,27.0,136.0,61.0,3819617,5042460.0,14.72,Spring,30,0.7574907882263816,2024.25,16.125
2024,5,167.0,29.0,69.2,4538774,5052397.0,13.92,Spring,31,0.898340728173182,2024.3333333333333,16.208333333333258
2024,6,335.0,1.0,75.6,5911128,5062024.0,13.45,Summer,30,1.167740018617059,2024.4166666666667,16.291666666666742
2024,7,447.0,0.0,78.8,6757201,5075093.0,13.67,Summer,31,1.33144377846869,2024.5,16.375
2024,8,348.0,0.0,75.9,6259682,5086260.0,13.91,Summer,31,1.2307042895958917,2024.5833333333333,16.458333333333258
2024,9,199.0,11.0,71.1,4820904,5095259.0,14.87,Fall,30,0.946154847084319,2024.6666666666667,16.541666666666742
2024,10,42.0,158.0,61.1,3999226,5104682.0,15.23,Fall,31,0.7834427296352643,2024.75,16.625
2024,11,7.0,313.0,54.9,4120191,5111445.0,14.86,Fall,30,0.8060716685790418,2024.8333333333333,16.708333333333258
2024,12,0.0,665.0,43.6,5832116,5120207.0,13.51,Winter,31,1.1390391052549242,2024.9166666666667,16.791666666666742
2025,1,0.0,907.0,35.5,7661069,5107526.0,12.51,Winter,31,1.4999569263083536,2025.0,16.875
2025,2,1.0,533.0,45.9,5538756,5109808.0,14.19,Winter,28,1.0839460112787016,2025.0833333333333,16.958333333333258
2025,3,19.0,347.0,54.0,4446172,5121606.0,14.8,Spring,31,0.8681206637136867,2025.1666666666667,17.041666666666742
2025,4,49.0,99.0,62.9,3964216,5128602.0,14.53,Spring,30,0.7729623004475684,2025.25,17.125
2025,5,132.0,47.0,67.7,4359626,5133483.0,14.32,Spring,31,0.8492530315187564,2025.3333333333333,17.208333333333258
2025,6,360.0,1.0,76.6,5981817,5155962.0,13.38,Summer,30,1.160174764670492,2025.4166666666667,17.291666666666742
2025,7,490.0,0.0,80.3,7180781,5165330.0,13.37,Summer,31,1.390188235795196,2025.5,17.375
2025,8,278.0,1.0,73.8,5921932,5174002.0,14.6,Summer,31,1.144555413778348,2025.5833333333333,17.458333333333258
2025,9,179.0,15.0,70.1,4765801,5194938.0,15.12,Fall,30,0.9173932393418363,2025.6666666666667,17.541666666666742
2025,10,27.0,196.0,59.5,4112537,5203675.0,15.05,Fall,31,0.7903139608065454,2025.75,17.625
2025,11,1.0,405.0,51.3,4397684,5191985.0,14.64,Fall,30,0.8470140033147245,2025.8333333333333,17.708333333333258
2025,12,0.0,715.0,41.8,6233437,5201684.0,13.47,Winter,31,1.1983498036405134,2025.9166666666667,17.791666666666742
2026,1,0.0,801.0,39.0,7034595,5206934.0,13.68,Winter,31,1.3510052172737355,2026.0,17.875
2026,2,0.0,642.0,41.6,6171758,5209075.0,14.64,Winter,28,1.1848088192241424,2026.0833333333333,17.958333333333258
2026,3,35.0,271.0,57.0,4357948,5224942.0,16.0,Spring,31,0.8340662920277393,2026.1666666666667,18.041666666666742
2026,4,56.0,88.0,63.5,3951408,5229187.0,16.25,Spring,30,0.7556448067357315,2026.25,18.125
