year,b_cdd,se_cdd,b_hdd,se_hdd,r2
2008,0.0019564638262805014,0.00035365994225220046,0.0008825189345311523,0.0002001580102256495,0.7729772110014004
2009,0.0019774018676092025,0.0003096851075410438,0.0008722272831105071,0.00015156227411158106,0.8266475211909813
2010,0.0020098748062968405,0.00035472272465577833,0.0010136622584951522,0.00018014963923056805,0.8036227139506968
2011,0.0022560993933566534,0.0002397225939379929,0.0011726415533868573,0.000148812821716643,0.9100512408098133
2012,0.001960245935385874,0.00024362828296197714,0.0008630496421505906,0.00015181807724514007,0.8783123089235049
2013,0.0018771381789808167,0.00037209421174407817,0.0008819922513764728,0.00017934677380297746,0.7563902806473355
2014,0.002113339946676706,0.0003892926478558034,0.0010474681606383875,0.00016629097632233757,0.8169400030167492
2015,0.001957049457904797,0.000254910728584495,0.001026383074081281,0.0001426012092048337,0.8782726866050732
2016,0.0019019055302329385,0.00011289860676888094,0.000951683797679644,7.206159739126253e-05,0.969506069916719
2017,0.0018720662206794822,0.00015853190321686754,0.0008299093590331364,9.225169643143796e-05,0.9393731471292873
2018,0.0019446562642957297,0.0002903856359829753,0.0010470848614982037,0.00016672773444963103,0.8390478699284888
2019,0.0016735248719807524,0.0002094484124330766,0.0007887294840519291,0.00012906397775464744,0.8777288367425751
2020,0.0017617110616174301,0.0001313307975125059,0.0007974075591848014,8.717749471368195e-05,0.9524120583995761
2021,0.0016692829859127369,0.00022499977129882394,0.0007965398139743122,0.0001279577711732033,0.8614653157612413
2022,0.0018811628578550771,0.0001671638621614866,0.0009280511020973845,9.52703614665112e-05,0.9356814779774928
2023,0.0017759548073741655,0.00013107457370966556,0.0007802325490523395,8.908407029719844e-05,0.9540483677545045
2024,0.0018927658082399143,0.00016034714469051825,0.0009549302287813095,9.752539066649502e-05,0.9402809225453449
2025,0.0017846665540561155,0.0001537540000707195,0.0009548494570914276,8.208896809522686e-05,0.9467385434078911
